Obs,State,Date,Total Deposits,Total Assets
1,Alabama,03/31/2019,207233.0,260827.0
2,Alabama,03/31/2020,215164.0,268138.0
3,Alabama,03/31/2021,263215.0,307761.0
4,Alabama,03/31/2022,193721.0,222305.0
5,Alabama,03/31/2023,180832.0,211627.0
6,Alabama,03/31/2024,184915.0,216791.0
7,Alabama,06/30/2019,205516.0,258174.0
8,Alabama,06/30/2020,246314.0,292235.0
9,Alabama,06/30/2021,261135.0,304348.0
10,Alabama,06/30/2022,190653.0,218128.0
11,Alabama,06/30/2023,180571.0,214315.0
12,Alabama,06/30/2024,183478.0,216703.0
13,Alabama,09/30/2019,205958.0,260431.0
14,Alabama,09/30/2020,249430.0,295280.0
15,Alabama,09/30/2021,255038.0,298765.0
16,Alabama,09/30/2022,187564.0,214939.0
17,Alabama,09/30/2023,181976.0,214306.0
18,Alabama,09/30/2024,184097.0,221592.0
19,Alabama,12/31/2019,210046.0,259586.0
20,Alabama,12/31/2020,253883.0,299036.0
21,Alabama,12/31/2021,191349.0,220873.0
22,Alabama,12/31/2022,185076.0,214104.0
23,Alabama,12/31/2023,183809.0,214084.0
24,Alabama,12/31/2024,187213.0,222915.0
25,Alaska,03/31/2019,2343.0,2775.0
26,Alaska,03/31/2020,2551.0,3016.0
27,Alaska,03/31/2021,3547.0,4027.0
28,Alaska,03/31/2022,4028.0,4468.0
29,Alaska,03/31/2023,4008.0,4457.0
30,Alaska,03/31/2024,4165.0,4674.0
31,Alaska,06/30/2019,2442.0,2858.0
32,Alaska,06/30/2020,3080.0,3563.0
33,Alaska,06/30/2021,3776.0,4261.0
34,Alaska,06/30/2022,4039.0,4452.0
35,Alaska,06/30/2023,4012.0,4521.0
36,Alaska,06/30/2024,4224.0,4764.0
37,Alaska,09/30/2019,2546.0,2972.0
38,Alaska,09/30/2020,3184.0,3676.0
39,Alaska,09/30/2021,3988.0,4480.0
40,Alaska,09/30/2022,4260.0,4659.0
41,Alaska,09/30/2023,4206.0,4733.0
42,Alaska,09/30/2024,4432.0,4976.0
43,Alaska,12/31/2019,2562.0,2989.0
44,Alaska,12/31/2020,3248.0,3727.0
45,Alaska,12/31/2021,4123.0,4604.0
46,Alaska,12/31/2022,4176.0,4607.0
47,Alaska,12/31/2023,4246.0,4760.0
48,Alaska,12/31/2024,4451.0,5017.0
49,Arizona,03/31/2019,23164.0,26848.0
50,Arizona,03/31/2020,27300.0,31706.0
51,Arizona,03/31/2021,42323.0,47495.0
52,Arizona,03/31/2022,56564.0,65063.0
53,Arizona,03/31/2023,49343.0,72715.0
54,Arizona,03/31/2024,63918.0,78467.0
55,Arizona,06/30/2019,24515.0,28509.0
56,Arizona,06/30/2020,30460.0,34970.0
57,Arizona,06/30/2021,45941.0,53153.0
58,Arizona,06/30/2022,58140.0,70558.0
59,Arizona,06/30/2023,52772.0,69819.0
60,Arizona,06/30/2024,67910.0,81997.0
61,Arizona,09/30/2019,25426.0,29516.0
62,Arizona,09/30/2020,31791.0,36492.0
63,Arizona,09/30/2021,49865.0,57147.0
64,Arizona,09/30/2022,59649.0,73230.0
65,Arizona,09/30/2023,55800.0,72323.0
66,Arizona,09/30/2024,69680.0,81470.0
67,Arizona,12/31/2019,25712.0,29881.0
68,Arizona,12/31/2020,35456.0,40291.0
69,Arizona,12/31/2021,51993.0,60461.0
70,Arizona,12/31/2022,55354.0,69355.0
71,Arizona,12/31/2023,57231.0,72723.0
72,Arizona,12/31/2024,68122.0,82453.0
73,Arkansas,03/31/2019,80792.0,101484.0
74,Arkansas,03/31/2020,88579.0,112670.0
75,Arkansas,03/31/2021,107150.0,131717.0
76,Arkansas,03/31/2022,114059.0,138035.0
77,Arkansas,03/31/2023,124009.0,153235.0
78,Arkansas,03/31/2024,133895.0,163000.0
79,Arkansas,06/30/2019,83399.0,104976.0
80,Arkansas,06/30/2020,98942.0,123026.0
81,Arkansas,06/30/2021,108031.0,132432.0
82,Arkansas,06/30/2022,122773.0,147148.0
83,Arkansas,06/30/2023,124623.0,155826.0
84,Arkansas,06/30/2024,134422.0,164430.0
85,Arkansas,09/30/2019,83718.0,105450.0
86,Arkansas,09/30/2020,99785.0,123908.0
87,Arkansas,09/30/2021,108342.0,133124.0
88,Arkansas,09/30/2022,121741.0,145940.0
89,Arkansas,09/30/2023,126386.0,158133.0
90,Arkansas,09/30/2024,136263.0,166419.0
91,Arkansas,12/31/2019,84548.0,106596.0
92,Arkansas,12/31/2020,102307.0,126678.0
93,Arkansas,12/31/2021,111802.0,136829.0
94,Arkansas,12/31/2023,129363.0,161168.0
95,Arkansas,12/31/2024,138548.0,166729.0
96,California,03/31/2019,425470.0,523773.0
97,California,03/31/2020,475990.0,601837.0
98,California,03/31/2021,647352.0,758290.0
99,California,03/31/2022,785386.0,897492.0
100,California,03/31/2023,425159.0,637181.0
101,California,03/31/2024,317675.0,388502.0
102,California,06/30/2019,435390.0,538940.0
103,California,06/30/2020,532848.0,646885.0
104,California,06/30/2021,691608.0,801179.0
105,California,06/30/2022,780715.0,906720.0
106,California,06/30/2023,322004.0,398734.0
107,California,06/30/2024,320827.0,389844.0
108,California,09/30/2019,457086.0,563382.0
109,California,09/30/2020,550683.0,660844.0
110,California,09/30/2021,741487.0,854759.0
111,California,09/30/2022,770663.0,911610.0
112,California,09/30/2023,321663.0,396708.0
113,California,09/30/2024,322402.0,388786.0
114,California,12/31/2019,466095.0,576230.0
115,California,12/31/2020,589797.0,696799.0
116,California,12/31/2021,779536.0,891546.0
117,California,12/31/2023,320783.0,397310.0
118,California,12/31/2024,310164.0,372092.0
119,Colorado,03/31/2019,43114.0,49476.0
120,Colorado,03/31/2020,45495.0,52589.0
121,Colorado,03/31/2021,59170.0,66876.0
122,Colorado,03/31/2022,66131.0,72760.0
123,Colorado,03/31/2023,71751.0,83579.0
124,Colorado,03/31/2024,79354.0,92023.0
125,Colorado,06/30/2019,43296.0,49944.0
126,Colorado,06/30/2020,51424.0,59125.0
127,Colorado,06/30/2021,60639.0,68364.0
128,Colorado,06/30/2022,65184.0,71709.0
129,Colorado,06/30/2023,75082.0,87563.0
130,Colorado,06/30/2024,77763.0,91130.0
131,Colorado,09/30/2019,44150.0,50911.0
132,Colorado,09/30/2020,53533.0,61626.0
133,Colorado,09/30/2021,62439.0,69971.0
134,Colorado,09/30/2022,67439.0,75053.0
135,Colorado,09/30/2023,78165.0,91065.0
136,Colorado,09/30/2024,78063.0,91303.0
137,Colorado,12/31/2019,44490.0,51260.0
138,Colorado,12/31/2020,55437.0,63354.0
139,Colorado,12/31/2021,65170.0,72590.0
140,Colorado,12/31/2023,79019.0,92369.0
141,Colorado,12/31/2024,77537.0,89172.0
142,Connecticut,03/31/2019,28320.0,36350.0
143,Connecticut,03/31/2020,22405.0,28662.0
144,Connecticut,03/31/2021,27527.0,33383.0
145,Connecticut,03/31/2022,29990.0,35664.0
146,Connecticut,03/31/2023,30246.0,36796.0
147,Connecticut,03/31/2024,28746.0,36335.0
148,Connecticut,06/30/2019,27363.0,34844.0
149,Connecticut,06/30/2020,24740.0,30985.0
150,Connecticut,06/30/2021,28243.0,34012.0
151,Connecticut,06/30/2022,29964.0,35467.0
152,Connecticut,06/30/2023,29826.0,37156.0
153,Connecticut,06/30/2024,29244.0,36885.0
154,Connecticut,09/30/2019,27319.0,34895.0
155,Connecticut,09/30/2020,25282.0,31483.0
156,Connecticut,09/30/2021,28853.0,34720.0
157,Connecticut,09/30/2022,30361.0,36123.0
158,Connecticut,09/30/2023,28690.0,36177.0
159,Connecticut,09/30/2024,29643.0,37298.0
160,Connecticut,12/31/2019,21751.0,27881.0
161,Connecticut,12/31/2020,25992.0,31989.0
162,Connecticut,12/31/2021,29515.0,35345.0
163,Connecticut,12/31/2022,30480.0,36322.0
164,Connecticut,12/31/2023,28443.0,36345.0
165,Connecticut,12/31/2024,29796.0,37348.0
166,Delaware,03/31/2019,106396.0,164140.0
167,Delaware,03/31/2020,111646.0,165040.0
168,Delaware,03/31/2021,114379.0,161441.0
169,Delaware,03/31/2022,109597.0,154804.0
170,Delaware,03/31/2023,134313.0,179877.0
171,Delaware,03/31/2024,150032.0,201015.0
172,Delaware,06/30/2019,107805.0,165478.0
173,Delaware,06/30/2020,117372.0,165188.0
174,Delaware,06/30/2021,109955.0,156367.0
175,Delaware,06/30/2022,117613.0,167455.0
176,Delaware,06/30/2023,136731.0,184392.0
177,Delaware,06/30/2024,147499.0,198851.0
178,Delaware,09/30/2019,109994.0,165226.0
179,Delaware,09/30/2020,115942.0,172802.0
180,Delaware,09/30/2021,107052.0,153632.0
181,Delaware,09/30/2022,121208.0,168042.0
182,Delaware,09/30/2023,143579.0,191088.0
183,Delaware,09/30/2024,151689.0,200383.0
184,Delaware,12/31/2019,111635.0,168701.0
185,Delaware,12/31/2020,113579.0,160480.0
186,Delaware,12/31/2021,108970.0,157496.0
187,Delaware,12/31/2022,130490.0,179233.0
188,Delaware,12/31/2023,150353.0,201914.0
189,Delaware,12/31/2024,152965.0,200558.0
190,Florida,03/31/2019,35692.0,41933.0
191,Florida,03/31/2020,35251.0,41894.0
192,Florida,03/31/2021,45568.0,53780.0
193,Florida,03/31/2022,86707.0,96823.0
194,Florida,03/31/2023,88099.0,98763.0
195,Florida,03/31/2024,93602.0,106300.0
196,Florida,06/30/2019,35191.0,41468.0
197,Florida,06/30/2020,39996.0,48289.0
198,Florida,06/30/2021,78484.0,90243.0
199,Florida,06/30/2022,88439.0,98443.0
200,Florida,06/30/2023,87182.0,98063.0
201,Florida,06/30/2024,93416.0,106438.0
202,Florida,09/30/2019,35376.0,41736.0
203,Florida,09/30/2020,40554.0,49086.0
204,Florida,09/30/2021,81917.0,92913.0
205,Florida,09/30/2022,89193.0,99023.0
206,Florida,09/30/2023,87305.0,98219.0
207,Florida,09/30/2024,94987.0,108889.0
208,Florida,12/31/2019,34738.0,41092.0
209,Florida,12/31/2020,41936.0,50035.0
210,Florida,12/31/2021,83622.0,94286.0
211,Florida,12/31/2022,87807.0,98462.0
212,Florida,12/31/2023,92599.0,105708.0
213,Florida,12/31/2024,96446.0,110002.0
214,Georgia,03/31/2019,256163.0,322685.0
215,Georgia,03/31/2020,95239.0,116365.0
216,Georgia,03/31/2021,119656.0,137681.0
217,Georgia,03/31/2022,113186.0,129447.0
218,Georgia,03/31/2023,113036.0,135979.0
219,Georgia,03/31/2024,116180.0,135768.0
220,Georgia,06/30/2019,254211.0,326308.0
221,Georgia,06/30/2020,106217.0,127250.0
222,Georgia,06/30/2021,121324.0,139605.0
223,Georgia,06/30/2022,114104.0,130908.0
224,Georgia,06/30/2023,113753.0,134838.0
225,Georgia,06/30/2024,115992.0,136473.0
226,Georgia,09/30/2019,260755.0,333288.0
227,Georgia,09/30/2020,109637.0,128885.0
228,Georgia,09/30/2021,107429.0,123847.0
229,Georgia,09/30/2022,112521.0,131979.0
230,Georgia,09/30/2023,114188.0,133522.0
231,Georgia,09/30/2024,116683.0,136810.0
232,Georgia,12/31/2019,93682.0,113636.0
233,Georgia,12/31/2020,114831.0,132851.0
234,Georgia,12/31/2021,112517.0,129505.0
235,Georgia,12/31/2022,113154.0,134239.0
236,Georgia,12/31/2023,115553.0,134456.0
237,Georgia,12/31/2024,119784.0,138991.0
238,Hawaii,03/31/2019,39407.0,46498.0
239,Hawaii,03/31/2020,40611.0,48261.0
240,Hawaii,03/31/2021,48324.0,55313.0
241,Hawaii,03/31/2022,51781.0,57971.0
242,Hawaii,03/31/2023,50759.0,59135.0
243,Hawaii,03/31/2024,50194.0,57926.0
244,Hawaii,06/30/2019,39646.0,46933.0
245,Hawaii,06/30/2020,44991.0,52244.0
246,Hawaii,06/30/2021,50008.0,56977.0
247,Hawaii,06/30/2022,52492.0,58588.0
248,Hawaii,06/30/2023,50639.0,59839.0
249,Hawaii,06/30/2024,49593.0,57467.0
250,Hawaii,09/30/2019,39591.0,47060.0
251,Hawaii,09/30/2020,44708.0,51903.0
252,Hawaii,09/30/2021,51310.0,58438.0
253,Hawaii,09/30/2022,51761.0,58021.0
254,Hawaii,09/30/2023,51453.0,58936.0
255,Hawaii,09/30/2024,50156.0,57831.0
256,Hawaii,12/31/2019,39752.0,47096.0
257,Hawaii,12/31/2020,45649.0,52725.0
258,Hawaii,12/31/2021,51025.0,57863.0
259,Hawaii,12/31/2022,51314.0,58343.0
260,Hawaii,12/31/2023,51510.0,59169.0
261,Hawaii,12/31/2024,50027.0,57728.0
262,Idaho,03/31/2019,4998.0,5915.0
263,Idaho,03/31/2020,4823.0,5727.0
264,Idaho,03/31/2021,6711.0,8108.0
265,Idaho,03/31/2022,7859.0,8925.0
266,Idaho,03/31/2023,7933.0,9283.0
267,Idaho,03/31/2024,8308.0,10022.0
268,Idaho,06/30/2019,4432.0,5237.0
269,Idaho,06/30/2020,5734.0,7425.0
270,Idaho,06/30/2021,6973.0,8265.0
271,Idaho,06/30/2022,7772.0,8798.0
272,Idaho,06/30/2023,8068.0,9595.0
273,Idaho,06/30/2024,8381.0,10116.0
274,Idaho,09/30/2019,4668.0,5499.0
275,Idaho,09/30/2020,5985.0,7590.0
276,Idaho,09/30/2021,7414.0,8581.0
277,Idaho,09/30/2022,8250.0,9320.0
278,Idaho,09/30/2023,8181.0,9758.0
279,Idaho,09/30/2024,8730.0,10502.0
280,Idaho,12/31/2019,4811.0,5709.0
281,Idaho,12/31/2020,6242.0,7799.0
282,Idaho,12/31/2021,7646.0,8773.0
283,Idaho,12/31/2022,8067.0,9246.0
284,Idaho,12/31/2023,8173.0,9904.0
285,Idaho,12/31/2024,9035.0,10794.0
286,Illinois,03/31/2019,243785.0,302605.0
287,Illinois,03/31/2020,271123.0,334500.0
288,Illinois,03/31/2021,308306.0,367735.0
289,Illinois,03/31/2022,311024.0,361922.0
290,Illinois,03/31/2023,272791.0,344731.0
291,Illinois,03/31/2024,289923.0,356971.0
292,Illinois,06/30/2019,250111.0,308594.0
293,Illinois,06/30/2020,278140.0,341170.0
294,Illinois,06/30/2021,319100.0,378890.0
295,Illinois,06/30/2022,294818.0,346112.0
296,Illinois,06/30/2023,272517.0,352403.0
297,Illinois,06/30/2024,289119.0,358768.0
298,Illinois,09/30/2019,249394.0,310001.0
299,Illinois,09/30/2020,280953.0,344048.0
300,Illinois,09/30/2021,317138.0,379257.0
301,Illinois,09/30/2022,291085.0,351020.0
302,Illinois,09/30/2023,272179.0,342408.0
303,Illinois,09/30/2024,292118.0,361900.0
304,Illinois,12/31/2019,250900.0,309627.0
305,Illinois,12/31/2020,309859.0,369539.0
306,Illinois,12/31/2021,338375.0,396156.0
307,Illinois,12/31/2022,284223.0,347083.0
308,Illinois,12/31/2023,281555.0,350641.0
309,Illinois,12/31/2024,296752.0,363939.0
310,Indiana,03/31/2019,56039.0,69158.0
311,Indiana,03/31/2020,62062.0,77202.0
312,Indiana,03/31/2021,75129.0,90170.0
313,Indiana,03/31/2022,82854.0,98003.0
314,Indiana,03/31/2023,89075.0,108189.0
315,Indiana,03/31/2024,95499.0,116699.0
316,Indiana,06/30/2019,59234.0,72780.0
317,Indiana,06/30/2020,68495.0,85161.0
318,Indiana,06/30/2021,76493.0,91894.0
319,Indiana,06/30/2022,85327.0,101750.0
320,Indiana,06/30/2023,91758.0,111544.0
321,Indiana,06/30/2024,97278.0,118347.0
322,Indiana,09/30/2019,61976.0,76127.0
323,Indiana,09/30/2020,68969.0,85721.0
324,Indiana,09/30/2021,79750.0,95374.0
325,Indiana,09/30/2022,87284.0,102818.0
326,Indiana,09/30/2023,92794.0,112864.0
327,Indiana,09/30/2024,96199.0,119847.0
328,Indiana,12/31/2019,62077.0,76689.0
329,Indiana,12/31/2020,71455.0,87637.0
330,Indiana,12/31/2021,81936.0,97799.0
331,Indiana,12/31/2022,87395.0,105787.0
332,Indiana,12/31/2023,95133.0,115402.0
333,Indiana,12/31/2024,95934.0,120429.0
334,Iowa,03/31/2019,65320.0,79387.0
335,Iowa,03/31/2020,67906.0,83005.0
336,Iowa,03/31/2021,82588.0,98081.0
337,Iowa,03/31/2022,88641.0,102831.0
338,Iowa,03/31/2023,89965.0,106930.0
339,Iowa,03/31/2024,90788.0,110251.0
340,Iowa,06/30/2019,65251.0,79918.0
341,Iowa,06/30/2020,73215.0,89450.0
342,Iowa,06/30/2021,82767.0,98109.0
343,Iowa,06/30/2022,88384.0,102484.0
344,Iowa,06/30/2023,89036.0,107651.0
345,Iowa,06/30/2024,90288.0,110322.0
346,Iowa,09/30/2019,65963.0,80750.0
347,Iowa,09/30/2020,75021.0,91061.0
348,Iowa,09/30/2021,84246.0,99467.0
349,Iowa,09/30/2022,88503.0,103656.0
350,Iowa,09/30/2023,89057.0,108080.0
351,Iowa,09/30/2024,92008.0,112198.0
352,Iowa,12/31/2019,66951.0,81789.0
353,Iowa,12/31/2020,78572.0,94507.0
354,Iowa,12/31/2021,86600.0,101727.0
355,Iowa,12/31/2022,89103.0,106178.0
356,Iowa,12/31/2023,89052.0,108722.0
357,Iowa,12/31/2024,93507.0,112311.0
358,Kansas,03/31/2019,38177.0,46678.0
359,Kansas,03/31/2020,39626.0,48948.0
360,Kansas,03/31/2021,48031.0,57058.0
361,Kansas,03/31/2022,49983.0,58360.0
362,Kansas,03/31/2023,51067.0,60207.0
363,Kansas,03/31/2024,51452.0,61369.0
364,Kansas,06/30/2019,38098.0,47087.0
365,Kansas,06/30/2020,43471.0,53514.0
366,Kansas,06/30/2021,47511.0,56726.0
367,Kansas,06/30/2022,49724.0,58018.0
368,Kansas,06/30/2023,49540.0,59268.0
369,Kansas,06/30/2024,51169.0,61480.0
370,Kansas,09/30/2019,38440.0,47484.0
371,Kansas,09/30/2020,43592.0,53363.0
372,Kansas,09/30/2021,47623.0,56915.0
373,Kansas,09/30/2022,49708.0,57895.0
374,Kansas,09/30/2023,49557.0,59139.0
375,Kansas,09/30/2024,51298.0,61658.0
376,Kansas,12/31/2019,39117.0,48152.0
377,Kansas,12/31/2020,45369.0,54487.0
378,Kansas,12/31/2021,49063.0,58150.0
379,Kansas,12/31/2022,50600.0,59297.0
380,Kansas,12/31/2023,50682.0,60731.0
381,Kansas,12/31/2024,52586.0,62341.0
382,Kentucky,03/31/2019,42678.0,52695.0
383,Kentucky,03/31/2020,43695.0,54017.0
384,Kentucky,03/31/2021,54048.0,64027.0
385,Kentucky,03/31/2022,55613.0,64899.0
386,Kentucky,03/31/2023,55605.0,65985.0
387,Kentucky,03/31/2024,57355.0,68460.0
388,Kentucky,06/30/2019,42561.0,53161.0
389,Kentucky,06/30/2020,49094.0,60029.0
390,Kentucky,06/30/2021,54224.0,64300.0
391,Kentucky,06/30/2022,55354.0,64520.0
392,Kentucky,06/30/2023,53700.0,65158.0
393,Kentucky,06/30/2024,56646.0,68443.0
394,Kentucky,09/30/2019,41906.0,52729.0
395,Kentucky,09/30/2020,49088.0,59472.0
396,Kentucky,09/30/2021,53951.0,64094.0
397,Kentucky,09/30/2022,55609.0,64941.0
398,Kentucky,09/30/2023,54787.0,65762.0
399,Kentucky,09/30/2024,57230.0,69305.0
400,Kentucky,12/31/2019,42881.0,53280.0
401,Kentucky,12/31/2020,51028.0,61360.0
402,Kentucky,12/31/2021,55400.0,65452.0
403,Kentucky,12/31/2022,55128.0,65234.0
404,Kentucky,12/31/2023,56611.0,67657.0
405,Kentucky,12/31/2024,59126.0,70602.0
406,Louisiana,03/31/2019,58252.0,71444.0
407,Louisiana,03/31/2020,59932.0,73190.0
408,Louisiana,03/31/2021,43943.0,50411.0
409,Louisiana,03/31/2022,47878.0,54269.0
410,Louisiana,03/31/2023,50065.0,58930.0
411,Louisiana,03/31/2024,51624.0,60175.0
412,Louisiana,06/30/2019,58356.0,72073.0
413,Louisiana,06/30/2020,67241.0,80391.0
414,Louisiana,06/30/2021,44116.0,50885.0
415,Louisiana,06/30/2022,47847.0,54885.0
416,Louisiana,06/30/2023,49924.0,58876.0
417,Louisiana,06/30/2024,51764.0,60539.0
418,Louisiana,09/30/2019,58030.0,70857.0
419,Louisiana,09/30/2020,39880.0,46739.0
420,Louisiana,09/30/2021,44987.0,51884.0
421,Louisiana,09/30/2022,48149.0,55372.0
422,Louisiana,09/30/2023,50193.0,58807.0
423,Louisiana,09/30/2024,52596.0,61612.0
424,Louisiana,12/31/2019,58740.0,71206.0
425,Louisiana,12/31/2020,41406.0,48621.0
426,Louisiana,12/31/2021,47488.0,54252.0
427,Louisiana,12/31/2022,49759.0,57717.0
428,Louisiana,12/31/2023,50919.0,59858.0
429,Louisiana,12/31/2024,54121.0,62664.0
430,Maine,03/31/2019,17120.0,22089.0
431,Maine,03/31/2020,18070.0,23284.0
432,Maine,03/31/2021,22383.0,27194.0
433,Maine,03/31/2022,24440.0,28874.0
434,Maine,03/31/2023,26035.0,32201.0
435,Maine,03/31/2024,25435.0,33003.0
436,Maine,06/30/2019,17269.0,22332.0
437,Maine,06/30/2020,20047.0,25214.0
438,Maine,06/30/2021,23472.0,28173.0
439,Maine,06/30/2022,24665.0,29420.0
440,Maine,06/30/2023,25203.0,32499.0
441,Maine,06/30/2024,25828.0,33509.0
442,Maine,09/30/2019,17556.0,22542.0
443,Maine,09/30/2020,20690.0,25697.0
444,Maine,09/30/2021,23702.0,28357.0
445,Maine,09/30/2022,25329.0,30210.0
446,Maine,09/30/2023,25648.0,32477.0
447,Maine,09/30/2024,27205.0,34447.0
448,Maine,12/31/2019,17932.0,22947.0
449,Maine,12/31/2020,21330.0,26074.0
450,Maine,12/31/2021,24353.0,29028.0
451,Maine,12/31/2022,26116.0,31790.0
452,Maine,12/31/2023,25486.0,32932.0
453,Maine,12/31/2024,28052.0,34665.0
454,Maryland,03/31/2019,32693.0,41171.0
455,Maryland,03/31/2020,30894.0,38455.0
456,Maryland,03/31/2021,37622.0,44674.0
457,Maryland,03/31/2022,39366.0,45592.0
458,Maryland,03/31/2023,39983.0,49473.0
459,Maryland,03/31/2024,38760.0,48082.0
460,Maryland,06/30/2019,33084.0,41398.0
461,Maryland,06/30/2020,33705.0,41938.0
462,Maryland,06/30/2021,38304.0,45568.0
463,Maryland,06/30/2022,40559.0,47142.0
464,Maryland,06/30/2023,40296.0,49677.0
465,Maryland,06/30/2024,39005.0,48196.0
466,Maryland,09/30/2019,32327.0,39794.0
467,Maryland,09/30/2020,34448.0,42370.0
468,Maryland,09/30/2021,40443.0,47548.0
469,Maryland,09/30/2022,40855.0,48373.0
470,Maryland,09/30/2023,38686.0,47715.0
471,Maryland,09/30/2024,40220.0,49032.0
472,Maryland,12/31/2019,29836.0,37005.0
473,Maryland,12/31/2020,35968.0,43552.0
474,Maryland,12/31/2021,40225.0,47239.0
475,Maryland,12/31/2022,41050.0,49066.0
476,Maryland,12/31/2023,39271.0,48044.0
477,Maryland,12/31/2024,40787.0,48819.0
478,Massachusetts,03/31/2019,294555.0,383791.0
479,Massachusetts,03/31/2020,395596.0,525383.0
480,Massachusetts,03/31/2021,410586.0,503270.0
481,Massachusetts,03/31/2022,416048.0,503784.0
482,Massachusetts,03/31/2023,388684.0,482613.0
483,Massachusetts,03/31/2024,417927.0,533893.0
484,Massachusetts,06/30/2019,302760.0,398146.0
485,Massachusetts,06/30/2020,353636.0,455134.0
486,Massachusetts,06/30/2021,430662.0,514989.0
487,Massachusetts,06/30/2022,405122.0,482490.0
488,Massachusetts,06/30/2023,386726.0,486906.0
489,Massachusetts,06/30/2024,405230.0,523369.0
490,Massachusetts,09/30/2019,304855.0,402388.0
491,Massachusetts,09/30/2020,352660.0,449911.0
492,Massachusetts,09/30/2021,420567.0,502927.0
493,Massachusetts,09/30/2022,401262.0,487865.0
494,Massachusetts,09/30/2023,375924.0,477243.0
495,Massachusetts,09/30/2024,414911.0,535022.0
496,Massachusetts,12/31/2019,317440.0,404062.0
497,Massachusetts,12/31/2020,398778.0,494858.0
498,Massachusetts,12/31/2021,417253.0,495291.0
499,Massachusetts,12/31/2022,399632.0,490076.0
500,Massachusetts,12/31/2023,384384.0,491954.0
501,Massachusetts,12/31/2024,428845.0,551106.0
502,Michigan,03/31/2019,45124.0,57141.0
503,Michigan,03/31/2020,29312.0,36859.0
504,Michigan,03/31/2021,38847.0,46764.0
505,Michigan,03/31/2022,42238.0,49907.0
506,Michigan,03/31/2023,40557.0,48550.0
507,Michigan,03/31/2024,42172.0,51362.0
508,Michigan,06/30/2019,45134.0,58370.0
509,Michigan,06/30/2020,33933.0,42426.0
510,Michigan,06/30/2021,39839.0,47775.0
511,Michigan,06/30/2022,39833.0,46820.0
512,Michigan,06/30/2023,40770.0,49449.0
513,Michigan,06/30/2024,42631.0,51937.0
514,Michigan,09/30/2019,29154.0,35826.0
515,Michigan,09/30/2020,35541.0,43774.0
516,Michigan,09/30/2021,40079.0,47984.0
517,Michigan,09/30/2022,41000.0,48078.0
518,Michigan,09/30/2023,41952.0,50485.0
519,Michigan,09/30/2024,44550.0,53714.0
520,Michigan,12/31/2019,28900.0,35865.0
521,Michigan,12/31/2020,36258.0,44215.0
522,Michigan,12/31/2021,41736.0,49956.0
523,Michigan,12/31/2022,40518.0,48012.0
524,Michigan,12/31/2023,41537.0,50575.0
525,Michigan,12/31/2024,41814.0,50452.0
526,Minnesota,03/31/2019,36879.0,43334.0
527,Minnesota,03/31/2020,38371.0,45691.0
528,Minnesota,03/31/2021,49287.0,56893.0
529,Minnesota,03/31/2022,52450.0,59140.0
530,Minnesota,03/31/2023,51467.0,60549.0
531,Minnesota,03/31/2024,53175.0,63460.0
532,Minnesota,06/30/2019,36990.0,44033.0
533,Minnesota,06/30/2020,43856.0,51749.0
534,Minnesota,06/30/2021,49518.0,56757.0
535,Minnesota,06/30/2022,52188.0,59515.0
536,Minnesota,06/30/2023,51235.0,61381.0
537,Minnesota,06/30/2024,53308.0,63875.0
538,Minnesota,09/30/2019,37812.0,44712.0
539,Minnesota,09/30/2020,44967.0,53063.0
540,Minnesota,09/30/2021,50385.0,57740.0
541,Minnesota,09/30/2022,52238.0,59562.0
542,Minnesota,09/30/2023,52144.0,61797.0
543,Minnesota,09/30/2024,54679.0,64979.0
544,Minnesota,12/31/2019,38247.0,45083.0
545,Minnesota,12/31/2020,46667.0,54433.0
546,Minnesota,12/31/2021,51855.0,59153.0
547,Minnesota,12/31/2022,52230.0,60390.0
548,Minnesota,12/31/2023,53243.0,63622.0
549,Minnesota,12/31/2024,55689.0,65539.0
550,Mississippi,03/31/2019,70282.0,84957.0
551,Mississippi,03/31/2020,75125.0,93169.0
552,Mississippi,03/31/2021,91321.0,108346.0
553,Mississippi,03/31/2022,123084.0,142523.0
554,Mississippi,03/31/2023,122939.0,152474.0
555,Mississippi,03/31/2024,123892.0,149061.0
556,Mississippi,06/30/2019,70376.0,85965.0
557,Mississippi,06/30/2020,83431.0,100266.0
558,Mississippi,06/30/2021,93596.0,110835.0
559,Mississippi,06/30/2022,121846.0,141277.0
560,Mississippi,06/30/2023,122532.0,148094.0
561,Mississippi,06/30/2024,122686.0,148927.0
562,Mississippi,09/30/2019,72414.0,88822.0
563,Mississippi,09/30/2020,83837.0,100790.0
564,Mississippi,09/30/2021,94700.0,112080.0
565,Mississippi,09/30/2022,119374.0,141778.0
566,Mississippi,09/30/2023,122766.0,148207.0
567,Mississippi,09/30/2024,124067.0,150887.0
568,Mississippi,12/31/2019,72402.0,90607.0
569,Mississippi,12/31/2020,85822.0,102544.0
570,Mississippi,12/31/2021,114106.0,134471.0
571,Mississippi,12/31/2022,119478.0,144401.0
572,Mississippi,12/31/2023,122487.0,149156.0
573,Mississippi,12/31/2024,126695.0,148475.0
574,Missouri,03/31/2019,115501.0,138006.0
575,Missouri,03/31/2020,116703.0,140646.0
576,Missouri,03/31/2021,146612.0,172933.0
577,Missouri,03/31/2022,164820.0,189876.0
578,Missouri,03/31/2023,164188.0,192940.0
579,Missouri,03/31/2024,167270.0,196566.0
580,Missouri,06/30/2019,113481.0,137034.0
581,Missouri,06/30/2020,129431.0,155370.0
582,Missouri,06/30/2021,147566.0,173563.0
583,Missouri,06/30/2022,163969.0,188325.0
584,Missouri,06/30/2023,164479.0,194109.0
585,Missouri,06/30/2024,167316.0,197555.0
586,Missouri,09/30/2019,114355.0,138176.0
587,Missouri,09/30/2020,131309.0,157000.0
588,Missouri,09/30/2021,152293.0,178681.0
589,Missouri,09/30/2022,165022.0,189660.0
590,Missouri,09/30/2023,165194.0,193963.0
591,Missouri,09/30/2024,170564.0,201231.0
592,Missouri,12/31/2019,117005.0,140477.0
593,Missouri,12/31/2020,139483.0,164968.0
594,Missouri,12/31/2021,161759.0,188552.0
595,Missouri,12/31/2022,163897.0,190423.0
596,Missouri,12/31/2023,166844.0,197150.0
597,Missouri,12/31/2024,175660.0,206292.0
598,Montana,03/31/2019,29582.0,36844.0
599,Montana,03/31/2020,33097.0,41674.0
600,Montana,03/31/2021,44217.0,53289.0
601,Montana,03/31/2022,64993.0,76408.0
602,Montana,03/31/2023,59588.0,77111.0
603,Montana,03/31/2024,57999.0,75477.0
604,Montana,06/30/2019,30634.0,38571.0
605,Montana,06/30/2020,38052.0,47008.0
606,Montana,06/30/2021,45903.0,55071.0
607,Montana,06/30/2022,64026.0,76057.0
608,Montana,06/30/2023,58496.0,76032.0
609,Montana,06/30/2024,57780.0,75822.0
610,Montana,09/30/2019,32299.0,40204.0
611,Montana,09/30/2020,40157.0,49233.0
612,Montana,09/30/2021,47803.0,57112.0
613,Montana,09/30/2022,63337.0,75664.0
614,Montana,09/30/2023,58519.0,75609.0
615,Montana,09/30/2024,58873.0,75949.0
616,Montana,12/31/2019,32346.0,40376.0
617,Montana,12/31/2020,41455.0,50651.0
618,Montana,12/31/2021,52664.0,62769.0
619,Montana,12/31/2022,60989.0,76465.0
620,Montana,12/31/2023,58033.0,75974.0
621,Montana,12/31/2024,59374.0,75388.0
622,Nebraska,03/31/2019,33705.0,40907.0
623,Nebraska,03/31/2020,35910.0,43778.0
624,Nebraska,03/31/2021,44335.0,52498.0
625,Nebraska,03/31/2022,50891.0,59176.0
626,Nebraska,03/31/2023,51749.0,62695.0
627,Nebraska,03/31/2024,54630.0,66770.0
628,Nebraska,06/30/2019,34097.0,41628.0
629,Nebraska,06/30/2020,39406.0,48090.0
630,Nebraska,06/30/2021,46576.0,55095.0
631,Nebraska,06/30/2022,50253.0,59332.0
632,Nebraska,06/30/2023,51944.0,63891.0
633,Nebraska,06/30/2024,54855.0,67536.0
634,Nebraska,09/30/2019,34968.0,42694.0
635,Nebraska,09/30/2020,40017.0,48748.0
636,Nebraska,09/30/2021,47447.0,56157.0
637,Nebraska,09/30/2022,50293.0,60660.0
638,Nebraska,09/30/2023,52413.0,64972.0
639,Nebraska,09/30/2024,56078.0,68768.0
640,Nebraska,12/31/2019,35983.0,43555.0
641,Nebraska,12/31/2020,41778.0,50003.0
642,Nebraska,12/31/2021,49337.0,57999.0
643,Nebraska,12/31/2022,50514.0,62130.0
644,Nebraska,12/31/2023,53765.0,65896.0
645,Nebraska,12/31/2024,57056.0,68522.0
646,Nevada,03/31/2019,6808.0,12008.0
647,Nevada,03/31/2020,16459.0,22594.0
648,Nevada,03/31/2021,18985.0,26446.0
649,Nevada,03/31/2022,25276.0,35359.0
650,Nevada,03/31/2023,27298.0,43942.0
651,Nevada,03/31/2024,14103.0,30723.0
652,Nevada,06/30/2019,6762.0,11972.0
653,Nevada,06/30/2020,17816.0,25605.0
654,Nevada,06/30/2021,18350.0,25880.0
655,Nevada,06/30/2022,29041.0,41518.0
656,Nevada,06/30/2023,20530.0,37532.0
657,Nevada,06/30/2024,17749.0,28064.0
658,Nevada,09/30/2019,10452.0,15423.0
659,Nevada,09/30/2020,19992.0,26454.0
660,Nevada,09/30/2021,18352.0,27952.0
661,Nevada,09/30/2022,34785.0,50582.0
662,Nevada,09/30/2023,18379.0,36419.0
663,Nevada,09/30/2024,18235.0,28876.0
664,Nevada,12/31/2019,11471.0,16638.0
665,Nevada,12/31/2020,20321.0,26663.0
666,Nevada,12/31/2021,24066.0,31760.0
667,Nevada,12/31/2022,27862.0,38629.0
668,Nevada,12/31/2023,16348.0,34187.0
669,Nevada,12/31/2024,18352.0,27952.0
670,New Hampshire,03/31/2019,8966.0,11017.0
671,New Hampshire,03/31/2020,8961.0,11173.0
672,New Hampshire,03/31/2021,11681.0,13619.0
673,New Hampshire,03/31/2022,12638.0,14668.0
674,New Hampshire,03/31/2023,13104.0,15877.0
675,New Hampshire,03/31/2024,13326.0,16448.0
676,New Hampshire,06/30/2019,8688.0,10774.0
677,New Hampshire,06/30/2020,10280.0,12484.0
678,New Hampshire,06/30/2021,11945.0,13982.0
679,New Hampshire,06/30/2022,12777.0,14916.0
680,New Hampshire,06/30/2023,13321.0,16246.0
681,New Hampshire,06/30/2024,13390.0,16593.0
682,New Hampshire,09/30/2019,8815.0,10910.0
683,New Hampshire,09/30/2020,10740.0,12738.0
684,New Hampshire,09/30/2021,12269.0,14318.0
685,New Hampshire,09/30/2022,13053.0,15331.0
686,New Hampshire,09/30/2023,13410.0,16309.0
687,New Hampshire,09/30/2024,13718.0,16756.0
688,New Hampshire,12/31/2019,8850.0,11009.0
689,New Hampshire,12/31/2020,11077.0,13064.0
690,New Hampshire,12/31/2021,12558.0,14660.0
691,New Hampshire,12/31/2022,13101.0,15639.0
692,New Hampshire,12/31/2023,13363.0,16461.0
693,New Hampshire,12/31/2024,13948.0,16742.0
694,New Jersey,03/31/2019,85909.0,113533.0
695,New Jersey,03/31/2020,83553.0,110516.0
696,New Jersey,03/31/2021,94423.0,125495.0
697,New Jersey,03/31/2022,100748.0,126855.0
698,New Jersey,03/31/2023,79351.0,102146.0
699,New Jersey,03/31/2024,80445.0,103535.0
700,New Jersey,06/30/2019,82764.0,110691.0
701,New Jersey,06/30/2020,88885.0,121286.0
702,New Jersey,06/30/2021,95576.0,128523.0
703,New Jersey,06/30/2022,78748.0,98321.0
704,New Jersey,06/30/2023,78897.0,101472.0
705,New Jersey,06/30/2024,80446.0,102261.0
706,New Jersey,09/30/2019,83702.0,111321.0
707,New Jersey,09/30/2020,89310.0,122482.0
708,New Jersey,09/30/2021,98927.0,128169.0
709,New Jersey,09/30/2022,79415.0,99242.0
710,New Jersey,09/30/2023,79230.0,102263.0
711,New Jersey,09/30/2024,81719.0,103407.0
712,New Jersey,12/31/2019,80940.0,107097.0
713,New Jersey,12/31/2020,90912.0,120188.0
714,New Jersey,12/31/2021,100460.0,126959.0
715,New Jersey,12/31/2022,79910.0,101765.0
716,New Jersey,12/31/2023,80007.0,103231.0
717,New Jersey,12/31/2024,82085.0,103418.0
718,New Mexico,03/31/2019,9291.0,10772.0
719,New Mexico,03/31/2020,9606.0,11202.0
720,New Mexico,03/31/2021,12197.0,14060.0
721,New Mexico,03/31/2022,13638.0,15273.0
722,New Mexico,03/31/2023,13999.0,16055.0
723,New Mexico,03/31/2024,12042.0,13763.0
724,New Mexico,06/30/2019,9227.0,10714.0
725,New Mexico,06/30/2020,10955.0,12862.0
726,New Mexico,06/30/2021,12577.0,14401.0
727,New Mexico,06/30/2022,14614.0,16214.0
728,New Mexico,06/30/2023,14063.0,16183.0
729,New Mexico,06/30/2024,12042.0,13721.0
730,New Mexico,09/30/2019,9427.0,10947.0
731,New Mexico,09/30/2020,11000.0,12990.0
732,New Mexico,09/30/2021,12869.0,14754.0
733,New Mexico,09/30/2022,14725.0,16343.0
734,New Mexico,09/30/2023,11791.0,13563.0
735,New Mexico,09/30/2024,12333.0,14156.0
736,New Mexico,12/31/2019,9455.0,10989.0
737,New Mexico,12/31/2020,11246.0,13164.0
738,New Mexico,12/31/2021,13289.0,15115.0
739,New Mexico,12/31/2022,14029.0,15908.0
740,New Mexico,12/31/2023,12130.0,13892.0
741,New Mexico,12/31/2024,12467.0,14051.0
742,New York,03/31/2019,667709.0,859861.0
743,New York,03/31/2020,835571.0,1056457.0
744,New York,03/31/2021,957031.0,1158032.0
745,New York,03/31/2022,1111231.0,1392081.0
746,New York,03/31/2023,939515.0,1231050.0
747,New York,03/31/2024,1021364.0,1316347.0
748,New York,06/30/2019,697250.0,908826.0
749,New York,06/30/2020,879440.0,1086639.0
750,New York,06/30/2021,1030417.0,1238489.0
751,New York,06/30/2022,1149599.0,1444611.0
752,New York,06/30/2023,981738.0,1268352.0
753,New York,06/30/2024,1000309.0,1300383.0
754,New York,09/30/2019,708312.0,918014.0
755,New York,09/30/2020,874425.0,1078332.0
756,New York,09/30/2021,1039129.0,1291898.0
757,New York,09/30/2022,1132734.0,1428711.0
758,New York,09/30/2023,981273.0,1273431.0
759,New York,09/30/2024,1017528.0,1323063.0
760,New York,12/31/2019,735705.0,938687.0
761,New York,12/31/2020,930912.0,1124273.0
762,New York,12/31/2021,1078033.0,1329184.0
763,New York,12/31/2022,1053579.0,1316667.0
764,New York,12/31/2023,992364.0,1256549.0
765,New York,12/31/2024,1008478.0,1302991.0
766,North Carolina,03/31/2019,225017.0,286717.0
767,North Carolina,03/31/2020,424557.0,568667.0
768,North Carolina,03/31/2021,493376.0,602918.0
769,North Carolina,03/31/2022,571868.0,685626.0
770,North Carolina,03/31/2023,601415.0,829753.0
771,North Carolina,03/31/2024,602237.0,797402.0
772,North Carolina,06/30/2019,227038.0,292262.0
773,North Carolina,06/30/2020,464035.0,580616.0
774,North Carolina,06/30/2021,498628.0,608985.0
775,North Carolina,06/30/2022,567142.0,686457.0
776,North Carolina,06/30/2023,603942.0,806723.0
777,North Carolina,06/30/2024,595658.0,785211.0
778,North Carolina,09/30/2019,232659.0,300182.0
779,North Carolina,09/30/2020,459668.0,576280.0
780,North Carolina,09/30/2021,509094.0,618277.0
781,North Carolina,09/30/2022,557082.0,690401.0
782,North Carolina,09/30/2023,603053.0,799681.0
783,North Carolina,09/30/2024,600899.0,791087.0
784,North Carolina,12/31/2019,407260.0,531652.0
785,North Carolina,12/31/2020,472232.0,588870.0
786,North Carolina,12/31/2021,518744.0,631356.0
787,North Carolina,12/31/2022,556063.0,702191.0
788,North Carolina,12/31/2023,598739.0,793415.0
789,North Carolina,12/31/2024,606547.0,802423.0
790,North Dakota,03/31/2019,22725.0,25971.0
791,North Dakota,03/31/2020,25471.0,29615.0
792,North Dakota,03/31/2021,32262.0,36878.0
793,North Dakota,03/31/2022,34954.0,39307.0
794,North Dakota,03/31/2023,39859.0,44768.0
795,North Dakota,03/31/2024,41852.0,47427.0
796,North Dakota,06/30/2019,22389.0,26273.0
797,North Dakota,06/30/2020,27949.0,32469.0
798,North Dakota,06/30/2021,32850.0,37472.0
799,North Dakota,06/30/2022,35496.0,40001.0
800,North Dakota,06/30/2023,39520.0,45572.0
801,North Dakota,06/30/2024,41623.0,48003.0
802,North Dakota,09/30/2019,22921.0,26796.0
803,North Dakota,09/30/2020,28114.0,32576.0
804,North Dakota,09/30/2021,33931.0,38689.0
805,North Dakota,09/30/2022,35820.0,41010.0
806,North Dakota,09/30/2023,40319.0,46560.0
807,North Dakota,09/30/2024,42318.0,48738.0
808,North Dakota,12/31/2019,24103.0,27834.0
809,North Dakota,12/31/2020,30090.0,34615.0
810,North Dakota,12/31/2021,33892.0,38428.0
811,North Dakota,12/31/2022,38085.0,43282.0
812,North Dakota,12/31/2023,41703.0,47471.0
813,North Dakota,12/31/2024,43924.0,50158.0
814,Ohio,03/31/2019,156464.0,200418.0
815,Ohio,03/31/2020,47748.0,60560.0
816,Ohio,03/31/2021,60320.0,71781.0
817,Ohio,03/31/2022,63227.0,74367.0
818,Ohio,03/31/2023,64561.0,78681.0
819,Ohio,03/31/2024,69049.0,84114.0
820,Ohio,06/30/2019,172689.0,220971.0
821,Ohio,06/30/2020,53422.0,65802.0
822,Ohio,06/30/2021,59965.0,71539.0
823,Ohio,06/30/2022,62503.0,74702.0
824,Ohio,06/30/2023,66152.0,81120.0
825,Ohio,06/30/2024,70334.0,86084.0
826,Ohio,09/30/2019,172808.0,224356.0
827,Ohio,09/30/2020,53771.0,66320.0
828,Ohio,09/30/2021,62297.0,73974.0
829,Ohio,09/30/2022,63566.0,75884.0
830,Ohio,09/30/2023,66968.0,81968.0
831,Ohio,09/30/2024,71637.0,86580.0
832,Ohio,12/31/2019,43922.0,55474.0
833,Ohio,12/31/2020,57299.0,69025.0
834,Ohio,12/31/2021,62497.0,74265.0
835,Ohio,12/31/2022,64187.0,77930.0
836,Ohio,12/31/2023,68348.0,83871.0
837,Ohio,12/31/2024,72141.0,86961.0
838,Oklahoma,03/31/2019,48000.0,56045.0
839,Oklahoma,03/31/2020,50563.0,60065.0
840,Oklahoma,03/31/2021,61490.0,73084.0
841,Oklahoma,03/31/2022,67315.0,78016.0
842,Oklahoma,03/31/2023,70264.0,82950.0
843,Oklahoma,03/31/2024,74282.0,88019.0
844,Oklahoma,06/30/2019,48588.0,57772.0
845,Oklahoma,06/30/2020,56407.0,67427.0
846,Oklahoma,06/30/2021,63383.0,74698.0
847,Oklahoma,06/30/2022,67827.0,78668.0
848,Oklahoma,06/30/2023,71192.0,84121.0
849,Oklahoma,06/30/2024,73882.0,88459.0
850,Oklahoma,09/30/2019,49078.0,58174.0
851,Oklahoma,09/30/2020,56186.0,67398.0
852,Oklahoma,09/30/2021,64085.0,75051.0
853,Oklahoma,09/30/2022,68919.0,79914.0
854,Oklahoma,09/30/2023,71570.0,84736.0
855,Oklahoma,09/30/2024,74722.0,89517.0
856,Oklahoma,12/31/2019,49439.0,58888.0
857,Oklahoma,12/31/2020,57041.0,68352.0
858,Oklahoma,12/31/2021,63331.0,73774.0
859,Oklahoma,12/31/2022,69002.0,80358.0
860,Oklahoma,12/31/2023,73024.0,86687.0
861,Oklahoma,12/31/2024,76127.0,90053.0
862,Oregon,03/31/2019,24876.0,31387.0
863,Oregon,03/31/2020,26573.0,31922.0
864,Oregon,03/31/2021,31531.0,36283.0
865,Oregon,03/31/2022,33070.0,37470.0
866,Oregon,03/31/2023,47486.0,60746.0
867,Oregon,03/31/2024,47516.0,59263.0
868,Oregon,06/30/2019,25439.0,32021.0
869,Oregon,06/30/2020,29453.0,34995.0
870,Oregon,06/30/2021,31921.0,36670.0
871,Oregon,06/30/2022,32360.0,36898.0
872,Oregon,06/30/2023,46478.0,60354.0
873,Oregon,06/30/2024,47327.0,58997.0
874,Oregon,09/30/2019,26174.0,33108.0
875,Oregon,09/30/2020,29544.0,35089.0
876,Oregon,09/30/2021,33096.0,37583.0
877,Oregon,09/30/2022,33213.0,38394.0
878,Oregon,09/30/2023,47358.0,58833.0
879,Oregon,09/30/2024,47550.0,58968.0
880,Oregon,12/31/2019,26260.0,33082.0
881,Oregon,12/31/2020,29705.0,34994.0
882,Oregon,12/31/2021,32858.0,37421.0
883,Oregon,12/31/2022,33279.0,38630.0
884,Oregon,12/31/2023,47316.0,59046.0
885,Oregon,12/31/2024,47716.0,58493.0
886,Pennsylvania,03/31/2019,103501.0,128622.0
887,Pennsylvania,03/31/2020,112484.0,140537.0
888,Pennsylvania,03/31/2021,141839.0,172768.0
889,Pennsylvania,03/31/2022,150252.0,173465.0
890,Pennsylvania,03/31/2023,151468.0,183147.0
891,Pennsylvania,03/31/2024,154904.0,185773.0
892,Pennsylvania,06/30/2019,105949.0,132276.0
893,Pennsylvania,06/30/2020,128322.0,161974.0
894,Pennsylvania,06/30/2021,145639.0,174893.0
895,Pennsylvania,06/30/2022,149505.0,174437.0
896,Pennsylvania,06/30/2023,152725.0,184997.0
897,Pennsylvania,06/30/2024,155014.0,186083.0
898,Pennsylvania,09/30/2019,108112.0,133957.0
899,Pennsylvania,09/30/2020,131677.0,165723.0
900,Pennsylvania,09/30/2021,152696.0,177738.0
901,Pennsylvania,09/30/2022,151319.0,175975.0
902,Pennsylvania,09/30/2023,155086.0,187459.0
903,Pennsylvania,09/30/2024,159057.0,189770.0
904,Pennsylvania,12/31/2019,110182.0,136790.0
905,Pennsylvania,12/31/2020,134578.0,167020.0
906,Pennsylvania,12/31/2021,154780.0,180257.0
907,Pennsylvania,12/31/2022,150538.0,178570.0
908,Pennsylvania,12/31/2023,158012.0,190557.0
909,Pennsylvania,12/31/2024,160496.0,190279.0
910,Rhode Island,03/31/2019,7585.0,10538.0
911,Rhode Island,03/31/2020,8116.0,11605.0
912,Rhode Island,03/31/2021,10484.0,13034.0
913,Rhode Island,03/31/2022,11321.0,13222.0
914,Rhode Island,03/31/2023,11590.0,14960.0
915,Rhode Island,03/31/2024,11965.0,15939.0
916,Rhode Island,06/30/2019,7641.0,10614.0
917,Rhode Island,06/30/2020,9512.0,12942.0
918,Rhode Island,06/30/2021,10795.0,13211.0
919,Rhode Island,06/30/2022,11100.0,13289.0
920,Rhode Island,06/30/2023,11631.0,15164.0
921,Rhode Island,06/30/2024,11706.0,16080.0
922,Rhode Island,09/30/2019,7822.0,10749.0
923,Rhode Island,09/30/2020,9891.0,13013.0
924,Rhode Island,09/30/2021,11174.0,13364.0
925,Rhode Island,09/30/2022,11193.0,13949.0
926,Rhode Island,09/30/2023,11906.0,15491.0
927,Rhode Island,09/30/2024,11937.0,16111.0
928,Rhode Island,12/31/2019,7838.0,10985.0
929,Rhode Island,12/31/2020,10212.0,12986.0
930,Rhode Island,12/31/2021,11234.0,13371.0
931,Rhode Island,12/31/2022,11176.0,14505.0
932,Rhode Island,12/31/2023,11831.0,15756.0
933,Rhode Island,12/31/2024,12044.0,16087.0
934,South Carolina,03/31/2019,28889.0,35574.0
935,South Carolina,03/31/2020,30339.0,38330.0
936,South Carolina,03/31/2021,18366.0,21048.0
937,South Carolina,03/31/2022,43669.0,49306.0
938,South Carolina,03/31/2023,44846.0,51464.0
939,South Carolina,03/31/2024,47010.0,54373.0
940,South Carolina,06/30/2019,28371.0,35356.0
941,South Carolina,06/30/2020,16293.0,18960.0
942,South Carolina,06/30/2021,19178.0,21944.0
943,South Carolina,06/30/2022,43975.0,49619.0
944,South Carolina,06/30/2023,45144.0,51973.0
945,South Carolina,06/30/2024,46961.0,54427.0
946,South Carolina,09/30/2019,28604.0,35754.0
947,South Carolina,09/30/2020,16647.0,19457.0
948,South Carolina,09/30/2021,37107.0,42200.0
949,South Carolina,09/30/2022,43547.0,49164.0
950,South Carolina,09/30/2023,45982.0,52984.0
951,South Carolina,09/30/2024,47206.0,54607.0
952,South Carolina,12/31/2019,29582.0,36982.0
953,South Carolina,12/31/2020,17047.0,19843.0
954,South Carolina,12/31/2021,39901.0,45066.0
955,South Carolina,12/31/2022,43156.0,50017.0
956,South Carolina,12/31/2023,46570.0,53880.0
957,South Carolina,12/31/2024,47820.0,55308.0
958,South Dakota,03/31/2019,23657.0,28282.0
959,South Dakota,03/31/2020,24177.0,28923.0
960,South Dakota,03/31/2021,29389.0,33789.0
961,South Dakota,03/31/2022,20213.0,22761.0
962,South Dakota,03/31/2023,19626.0,22764.0
963,South Dakota,03/31/2024,20935.0,24769.0
964,South Dakota,06/30/2019,23451.0,28543.0
965,South Dakota,06/30/2020,26668.0,31191.0
966,South Dakota,06/30/2021,29745.0,34212.0
967,South Dakota,06/30/2022,20448.0,23004.0
968,South Dakota,06/30/2023,19526.0,23355.0
969,South Dakota,06/30/2024,20720.0,24970.0
970,South Dakota,09/30/2019,23854.0,28739.0
971,South Dakota,09/30/2020,27055.0,31544.0
972,South Dakota,09/30/2021,30272.0,34799.0
973,South Dakota,09/30/2022,19455.0,22278.0
974,South Dakota,09/30/2023,20007.0,23825.0
975,South Dakota,09/30/2024,21308.0,25291.0
976,South Dakota,12/31/2019,24126.0,29276.0
977,South Dakota,12/31/2020,27984.0,32490.0
978,South Dakota,12/31/2021,30675.0,35073.0
979,South Dakota,12/31/2022,19611.0,22783.0
980,South Dakota,12/31/2023,20536.0,24686.0
981,South Dakota,12/31/2024,21846.0,25714.0
982,Tennessee,03/31/2019,69975.0,86360.0
983,Tennessee,03/31/2020,110899.0,141141.0
984,Tennessee,03/31/2021,169880.0,199816.0
985,Tennessee,03/31/2022,177941.0,206686.0
986,Tennessee,03/31/2023,171972.0,208998.0
987,Tennessee,03/31/2024,181225.0,216958.0
988,Tennessee,06/30/2019,71620.0,88421.0
989,Tennessee,06/30/2020,124852.0,152858.0
990,Tennessee,06/30/2021,171075.0,201491.0
991,Tennessee,06/30/2022,174364.0,203535.0
992,Tennessee,06/30/2023,177094.0,215592.0
993,Tennessee,06/30/2024,177778.0,215230.0
994,Tennessee,09/30/2019,72781.0,89903.0
995,Tennessee,09/30/2020,158077.0,189037.0
996,Tennessee,09/30/2021,174052.0,204386.0
997,Tennessee,09/30/2022,171246.0,201013.0
998,Tennessee,09/30/2023,179374.0,213641.0
999,Tennessee,09/30/2024,181705.0,217648.0
1000,Tennessee,12/31/2019,106434.0,133788.0
1001,Tennessee,12/31/2020,162537.0,192885.0
1002,Tennessee,12/31/2021,177354.0,207376.0
1003,Tennessee,12/31/2022,171209.0,202009.0
1004,Tennessee,12/31/2023,179437.0,215037.0
1005,Tennessee,12/31/2024,184405.0,220370.0
1006,Texas,03/31/2019,239948.0,296742.0
1007,Texas,03/31/2020,519464.0,611391.0
1008,Texas,03/31/2021,677014.0,761471.0
1009,Texas,03/31/2022,833166.0,920245.0
1010,Texas,03/31/2023,685556.0,847536.0
1011,Texas,03/31/2024,635633.0,770775.0
1012,Texas,06/30/2019,241666.0,302188.0
1013,Texas,06/30/2020,577181.0,668842.0
1014,Texas,06/30/2021,683645.0,777772.0
1015,Texas,06/30/2022,800516.0,884628.0
1016,Texas,06/30/2023,663629.0,824151.0
1017,Texas,06/30/2024,627694.0,769411.0
1018,Texas,09/30/2019,245916.0,307762.0
1019,Texas,09/30/2020,600654.0,689420.0
1020,Texas,09/30/2021,750928.0,851153.0
1021,Texas,09/30/2022,754082.0,831605.0
1022,Texas,09/30/2023,649906.0,790762.0
1023,Texas,09/30/2024,635772.0,778303.0
1024,Texas,12/31/2019,250232.0,311991.0
1025,Texas,12/31/2020,650884.0,740636.0
1026,Texas,12/31/2021,810206.0,907981.0
1027,Texas,12/31/2022,738995.0,839232.0
1028,Texas,12/31/2023,656298.0,795647.0
1029,Texas,12/31/2024,651942.0,781973.0
1030,Utah,03/31/2019,228115.0,302819.0
1031,Utah,03/31/2020,265665.0,339697.0
1032,Utah,03/31/2021,304587.0,370658.0
1033,Utah,03/31/2022,338294.0,401038.0
1034,Utah,03/31/2023,340251.0,412337.0
1035,Utah,03/31/2024,340232.0,411711.0
1036,Utah,06/30/2019,232588.0,306972.0
1037,Utah,06/30/2020,274654.0,348169.0
1038,Utah,06/30/2021,305919.0,370697.0
1039,Utah,06/30/2022,332840.0,401875.0
1040,Utah,06/30/2023,339631.0,412982.0
1041,Utah,06/30/2024,336167.0,412355.0
1042,Utah,09/30/2019,238157.0,313482.0
1043,Utah,09/30/2020,281762.0,353389.0
1044,Utah,09/30/2021,314867.0,378227.0
1045,Utah,09/30/2022,333436.0,403289.0
1046,Utah,09/30/2023,338173.0,414870.0
1047,Utah,09/30/2024,339716.0,416911.0
1048,Utah,12/31/2019,248911.0,322381.0
1049,Utah,12/31/2020,296700.0,362966.0
1050,Utah,12/31/2021,335026.0,397511.0
1051,Utah,12/31/2022,345667.0,414904.0
1052,Utah,12/31/2023,340742.0,417809.0
1053,Utah,12/31/2024,352636.0,426892.0
1054,Vermont,03/31/2019,2612.0,3166.0
1055,Vermont,03/31/2020,2664.0,3290.0
1056,Vermont,03/31/2021,3559.0,4106.0
1057,Vermont,03/31/2022,3893.0,4424.0
1058,Vermont,03/31/2023,3925.0,4594.0
1059,Vermont,03/31/2024,3987.0,4814.0
1060,Vermont,06/30/2019,2571.0,3144.0
1061,Vermont,06/30/2020,3075.0,3673.0
1062,Vermont,06/30/2021,3570.0,4124.0
1063,Vermont,06/30/2022,3853.0,4350.0
1064,Vermont,06/30/2023,3810.0,4633.0
1065,Vermont,06/30/2024,3891.0,4850.0
1066,Vermont,09/30/2019,2672.0,3253.0
1067,Vermont,09/30/2020,3257.0,3841.0
1068,Vermont,09/30/2021,3717.0,4297.0
1069,Vermont,09/30/2022,3997.0,4519.0
1070,Vermont,09/30/2023,3930.0,4707.0
1071,Vermont,09/30/2024,4122.0,5078.0
1072,Vermont,12/31/2019,2656.0,3261.0
1073,Vermont,12/31/2020,3384.0,3938.0
1074,Vermont,12/31/2021,3817.0,4394.0
1075,Vermont,12/31/2022,3990.0,4582.0
1076,Vermont,12/31/2023,4078.0,4864.0
1077,Vermont,12/31/2024,4145.0,5136.0
1078,Virginia,03/31/2019,66460.0,84927.0
1079,Virginia,03/31/2020,68725.0,88706.0
1080,Virginia,03/31/2021,87960.0,105879.0
1081,Virginia,03/31/2022,92757.0,109737.0
1082,Virginia,03/31/2023,92518.0,113525.0
1083,Virginia,03/31/2024,94936.0,115313.0
1084,Virginia,06/30/2019,67129.0,85504.0
1085,Virginia,06/30/2020,82283.0,103741.0
1086,Virginia,06/30/2021,89208.0,106722.0
1087,Virginia,06/30/2022,92601.0,109810.0
1088,Virginia,06/30/2023,93064.0,114116.0
1089,Virginia,06/30/2024,102009.0,123289.0
1090,Virginia,09/30/2019,67908.0,86158.0
1091,Virginia,09/30/2020,83787.0,103533.0
1092,Virginia,09/30/2021,90167.0,107677.0
1093,Virginia,09/30/2022,92715.0,109898.0
1094,Virginia,09/30/2023,93689.0,113165.0
1095,Virginia,09/30/2024,103748.0,124124.0
1096,Virginia,12/31/2019,67691.0,86179.0
1097,Virginia,12/31/2020,85033.0,103668.0
1098,Virginia,12/31/2021,91851.0,109451.0
1099,Virginia,12/31/2022,91087.0,111627.0
1100,Virginia,12/31/2023,93768.0,114525.0
1101,Virginia,12/31/2024,104096.0,123640.0
1102,Washington,03/31/2019,51112.0,62902.0
1103,Washington,03/31/2020,54527.0,67285.0
1104,Washington,03/31/2021,72161.0,84199.0
1105,Washington,03/31/2022,98571.0,114695.0
1106,Washington,03/31/2023,77211.0,96796.0
1107,Washington,03/31/2024,80967.0,104573.0
1108,Washington,06/30/2019,51320.0,63395.0
1109,Washington,06/30/2020,63752.0,76747.0
1110,Washington,06/30/2021,74797.0,86983.0
1111,Washington,06/30/2022,96897.0,114184.0
1112,Washington,06/30/2023,76058.0,96859.0
1113,Washington,06/30/2024,80513.0,102958.0
1114,Washington,09/30/2019,53208.0,64862.0
1115,Washington,09/30/2020,65921.0,78449.0
1116,Washington,09/30/2021,77688.0,89840.0
1117,Washington,09/30/2022,97725.0,115599.0
1118,Washington,09/30/2023,76633.0,97594.0
1119,Washington,09/30/2024,82566.0,103688.0
1120,Washington,12/31/2019,53923.0,66422.0
1121,Washington,12/31/2020,67671.0,80113.0
1122,Washington,12/31/2021,80816.0,93372.0
1123,Washington,12/31/2022,95676.0,115407.0
1124,Washington,12/31/2023,76545.0,98321.0
1125,Washington,12/31/2024,82437.0,101663.0
1126,West Virginia,03/31/2019,20548.0,26526.0
1127,West Virginia,03/31/2020,23400.0,30627.0
1128,West Virginia,03/31/2021,28412.0,34427.0
1129,West Virginia,03/31/2022,29332.0,34589.0
1130,West Virginia,03/31/2023,29654.0,36194.0
1131,West Virginia,03/31/2024,31040.0,38001.0
1132,West Virginia,06/30/2019,20248.0,26513.0
1133,West Virginia,06/30/2020,25659.0,32499.0
1134,West Virginia,06/30/2021,28792.0,34662.0
1135,West Virginia,06/30/2022,29139.0,34422.0
1136,West Virginia,06/30/2023,29812.0,36678.0
1137,West Virginia,06/30/2024,26451.0,32840.0
1138,West Virginia,09/30/2019,20450.0,26918.0
1139,West Virginia,09/30/2020,25851.0,32537.0
1140,West Virginia,09/30/2021,28177.0,33713.0
1141,West Virginia,09/30/2022,29438.0,34741.0
1142,West Virginia,09/30/2023,30282.0,36947.0
1143,West Virginia,09/30/2024,27408.0,33639.0
1144,West Virginia,12/31/2019,22911.0,30105.0
1145,West Virginia,12/31/2020,26692.0,32818.0
1146,West Virginia,12/31/2021,28606.0,34126.0
1147,West Virginia,12/31/2022,29067.0,35103.0
1148,West Virginia,12/31/2023,30197.0,37391.0
1149,West Virginia,12/31/2024,27357.0,33430.0
1150,Wisconsin,03/31/2019,7397.0,57600.0
1151,Wisconsin,03/31/2020,7555.0,57713.0
1152,Wisconsin,03/31/2021,7911.0,66824.0
1153,Wisconsin,03/31/2022,7663.0,69009.0
1154,Wisconsin,03/31/2023,7506.0,69818.0
1155,Wisconsin,03/31/2024,7778.0,71388.0
1156,Wisconsin,06/30/2019,7534.0,58192.0
1157,Wisconsin,06/30/2020,7598.0,63343.0
1158,Wisconsin,06/30/2021,8185.0,68345.0
1159,Wisconsin,06/30/2022,7345.0,68740.0
1160,Wisconsin,06/30/2023,7489.0,70453.0
1161,Wisconsin,06/30/2024,7903.0,71903.0
1162,Wisconsin,09/30/2019,7664.0,58841.0
1163,Wisconsin,09/30/2020,7747.0,63983.0
1164,Wisconsin,09/30/2021,8323.0,69233.0
1165,Wisconsin,09/30/2022,7315.0,70482.0
1166,Wisconsin,09/30/2023,7387.0,70599.0
1167,Wisconsin,09/30/2024,8305.0,73516.0
1168,Wisconsin,12/31/2019,7385.0,57229.0
1169,Wisconsin,12/31/2020,7829.0,64652.0
1170,Wisconsin,12/31/2021,8124.0,69394.0
1171,Wisconsin,12/31/2022,7434.0,70915.0
1172,Wisconsin,12/31/2023,7690.0,70735.0
1173,Wisconsin,12/31/2024,8179.0,73935.0
1174,Wyoming,03/31/2019,704.0,6277.0
1175,Wyoming,03/31/2020,787.0,6928.0
1176,Wyoming,03/31/2021,851.0,8743.0
1177,Wyoming,03/31/2022,711.0,8660.0
1178,Wyoming,03/31/2023,559.0,7041.0
1179,Wyoming,03/31/2024,590.0,7244.0
1180,Wyoming,06/30/2019,725.0,6328.0
1181,Wyoming,06/30/2020,837.0,7801.0
1182,Wyoming,06/30/2021,900.0,8771.0
1183,Wyoming,06/30/2022,653.0,8544.0
1184,Wyoming,06/30/2023,541.0,6900.0
1185,Wyoming,06/30/2024,603.0,7171.0
1186,Wyoming,09/30/2019,762.0,6682.0
1187,Wyoming,09/30/2020,853.0,8095.0
1188,Wyoming,09/30/2021,915.0,9169.0
1189,Wyoming,09/30/2022,614.0,8513.0
1190,Wyoming,09/30/2023,519.0,7006.0
1191,Wyoming,09/30/2024,661.0,7233.0
1192,Wyoming,12/31/2019,771.0,6882.0
1193,Wyoming,12/31/2020,854.0,8258.0
1194,Wyoming,12/31/2021,859.0,9096.0
1195,Wyoming,12/31/2022,518.0,7080.0
1196,Wyoming,12/31/2023,581.0,7203.0
1197,Wyoming,12/31/2024,624.0,7370.0
